Workbook

Sheet Read me
A1: 5x1 usability test results: prototype v0.2
A3: Before you start
A4: 1. Type only in the yellow cells. Grey cells calculate, so leave them alone.
A5: 2. The sheets are locked so formulas can't be overwritten by accident. Each yellow cell shows a tip when you click it.
A6: 3. Use participant codes P1 to P5. Never write names.
A7: 4. Open the Example tab first. It shows one filled example for every tab. The names and numbers there are made up, so don't copy them.
A9: Tabs, in order
A10: Participants: who took part (5 rows).
A11: Tasks: did each person finish each task alone (S), with help (H), or not at all (F).
A12: Timing: minutes and seconds for tasks 1, 2, 7, 8 and 9, plus wrong taps.
A13: SUS: each person's answer to the 10 SUS statements (1 to 5). The score calculates.
A14: Quotes: exact words people said. Up to 20 quotes.
... A23: Then send the file back.

Sheet Example
A1: Example: how each tab should look
A2: ALL NAMES AND NUMBERS ON THIS TAB ARE MADE UP. They show the format only. Do not copy them into the results tabs.
A4: Participants (tab: Participants)
A5: Code | B5: Role | C5: Device used | D5: Session | E5: Notes
A6: P1 | B6: Player | C6: phone | D6: in person | E6: Used one thumb. Asked once where Settings was.
A7: Code is P1 to P5, never a name. Device: phone, tablet or computer. Session: in person or call. Notes are optional.
A9: Tasks (tab: Tasks). Each cell gets one letter: S, H or F
A10: # | B10: Task | C10: Role | D10: P1 | E10: P2 | F10: P3 | G10: P4 | H10: P5 | I10: Finished alone
A11: 1 | B11: Create an account and finish the profile as a player | C11: Player | D11: S | E11: S | F11: H | G11: S | H11: S | I11: 4 of 5 = PASS
A12: 3 | B12: Find out what happens when answering going to a full event | C12: Player | D12: S | E12: F | F12: S | G12: S | H12: F | I12: 3 of 5 = FAIL
A13: S = finished alone, no help. H = finished, but needed a hint or help. F = did not finish. Only S counts as 'alone'. Task 1 passes because four people finished alone. Task 3 fails.
A15: Timing (tab: Timing). Minutes and seconds go in separate cells
A16: Task | B16: Participant | C16: Minutes | D16: Seconds | E16: Total seconds | F16: Wrong taps | G16: Over 2 minutes?
A17: 1 | B17: P1 | C17: 1 | D17: 35 | E17: 95 | F17: 0 | G17: no
A18: 8 | B18: P3 | C18: 2 | D18: 10 | E18: 130 | F18: 3 | G18: YES
A19: Example 1: 1 min 35 s is typed as minutes 1 and seconds 35. The sheet works out 95 seconds. Example 2: 2 min 10 s is over 2 minutes, so the sheet flags it. Wrong taps is the number of taps on the wrong button or screen.
A21: SUS (tab: SUS). Type 1 to 5 for each statement, for each person
A22: Statement | B22: P1 answer | C22: Typed as
A23: 1. I think I would like to use this app often. | B23: 4 | C23: a number, 1 to 5. Not 'agree'
A24: 2. I found the app unnecessarily complex. | B24: 2
A25: 3. I thought the app was easy to use. | B25: 4
A26: 4. I think I would need the support of a technical person to use this app. | B26: 2
A27: 5. I found the various functions in this app were well integrated. | B27: 4
A28: 6. I thought there was too much inconsistency in this app. | B28: 2
A29: 7. I would imagine that most people would learn to use this app very quickly. | B29: 5
A30: 8. I found the app very cumbersome to use. | B30: 1
A31: 9. I felt very confident using the app. | B31: 4
A32: 10. I needed to learn a lot of things before I could get going with this app. | B32: 2
A33: Ask each person for one number per statement. The sheet works out the score (here 80 out of 100). You don't type the score. If all five people give the same answers, the sheet flags it so you can check.
A35: Quotes (tab: Quotes). Exact words, one quote per row
A36: Participant | B36: Task (number or moment) | C36: Quote
A37: P2 | B37: 7 (create training) | C37: "I thought the time box was under the team tab, so I went there first."
A38: Copy exactly what the person said. If you cut words, put [...] where they were. Put the task number, or 'after task 9', in the middle column.
A40: Issues (tab: Issues). Ranked, one problem per row
A41: Rank | B41: Issue | C41: Tasks affected | D41: Severity | E41: Fix proposed | F41: Status
A42: 1 | B42: Waitlist promotion button not clear | C42: 10 | D42: major | E42: Rename 'Promote' to 'Move to event' | F42: open
A43: Severity: blocker = a person could not finish a core task or lost data. major = finished, but slow or confusing. minor = wording, layout or cosmetic. Status: open, fixed or accepted.

Sheet Participants
A1: Participants
A2: How to fill: the role is already filled in. Check it matches the person. Device: pick phone, tablet or computer from the list. Session: pick in person or call. Notes are optional. See the Example tab.
A4: Code | B4: Role | C4: Device used | D4: Session | E4: Notes
A5: P1 | B5: Player | C5: phone | D5: in person | E5: none
A6: P2 | B6: Player | C6: computer | D6: in person | E6: great to use
A7: P3 | B7: Coach | C7: phone | D7: in person | E7: very helpfull
A8: P4 | B8: Admin | C8: phone | D8: in person | E8: none
A9: P5 | B9: Admin | C9: phone | D9: in person | E9: great features

Sheet Tasks
A1: Task results
A2: How to fill: for each task and each person, pick ONE letter from the drop-down in the yellow cell. S = finished alone, no help. H = finished, but needed a hint or help. F = did not finish. Every cell must have a letter. See the Example tab.
A4: # | B4: Task | C4: Role | D4: P1 | E4: P2 | F4: P3 | G4: P4 | H4: P5 | I4: Finished alone (of 5) | J4: Blank entries | K4: Result
A5: 1 | B5: Create an account and finish the profile as a player | C5: Player | D5: S | E5: S | F5: S | G5: S | H5: S | I5: =COUNTIF(D5:H5,"S") -> 5 | J5: =5-COUNTA(D5:H5) -> 0 | K5: =IF(J5>0,"incomplete",IF(I5>=4,"PASS","FAIL")) -> PASS
A6: 2 | B6: Say going to Thursday's training, then change to not going | C6: Player | D6: S | E6: S | F6: S | G6: S | H6: S | I6: =COUNTIF(D6:H6,"S") -> 5 | J6: =5-COUNTA(D6:H6) -> 0 | K6: =IF(J6>0,"incomplete",IF(I6>=4,"PASS","FAIL")) -> PASS
A7: 3 | B7: Find out what happens when answering going to a full event | C7: Player | D7: S | E7: S | F7: S | G7: S | H7: S | I7: =COUNTIF(D7:H7,"S") -> 5 | J7: =5-COUNTA(D7:H7) -> 0 | K7: =IF(J7>0,"incomplete",IF(I7>=4,"PASS","FAIL")) -> PASS
A8: 4 | B8: Change your position and save it | C8: Player | D8: S | E8: S | F8: S | G8: S | H8: S | I8: =COUNTIF(D8:H8,"S") -> 5 | J8: =5-COUNTA(D8:H8) -> 0 | K8: =IF(J8>0,"incomplete",IF(I8>=4,"PASS","FAIL")) -> PASS
A9: 5 | B9: Find Settings and switch to dark theme | C9: Player | D9: S | E9: S | F9: S | G9: S | H9: S | I9: =COUNTIF(D9:H9,"S") -> 5 | J9: =5-COUNTA(D9:H9) -> 0 | K9: =IF(J9>0,"incomplete",IF(I9>=4,"PASS","FAIL")) -> PASS
A10: 6 | B10: Add a club member to your team's roster | C10: Coach | D10: S | E10: S | F10: S | G10: S | H10: S | I10: =COUNTIF(D10:H10,"S") -> 5 | J10: =5-COUNTA(D10:H10) -> 0 | K10: =IF(J10>0,"incomplete",IF(I10>=4,"PASS","FAIL")) -> PASS
A11: 7 | B11: Create a training event for your team | C11: Coach | D11: S | E11: S | F11: S | G11: S | H11: S | I11: =COUNTIF(D11:H11,"S") -> 5 | J11: =5-COUNTA(D11:H11) -> 0 | K11: =IF(J11>0,"incomplete",IF(I11>=4,"PASS","FAIL")) -> PASS
A12: 8 | B12: Take attendance for the last session, marking one person late | C12: Coach | D12: S | E12: S | F12: S | G12: S | H12: S | I12: =COUNTIF(D12:H12,"S") -> 5 | J12: =5-COUNTA(D12:H12) -> 0 | K12: =IF(J12>0,"incomplete",IF(I12>=4,"PASS","FAIL")) -> PASS
A13: 9 | B13: Approve a pending member and assign two teams in one step | C13: Admin | D13: S | E13: S | F13: S | G13: S | H13: S | I13: =COUNTIF(D13:H13,"S") -> 5 | J13: =5-COUNTA(D13:H13) -> 0 | K13: =IF(J13>0,"incomplete",IF(I13>=4,"PASS","FAIL")) -> PASS
A14: 10 | B14: Promote a waitlisted person to a full event | C14: Admin | D14: S | E14: S | F14: S | G14: S | H14: S | I14: =COUNTIF(D14:H14,"S") -> 5 | J14: =5-COUNTA(D14:H14) -> 0 | K14: =IF(J14>0,"incomplete",IF(I14>=4,"PASS","FAIL")) -> PASS
A15: 11 | B15: Open a member's details (admins only) and find the emergency contact | C15: Admin | D15: S | E15: S | F15: S | G15: S | H15: S | I15: =COUNTIF(D15:H15,"S") -> 5 | J15: =5-COUNTA(D15:H15) -> 0 | K15: =IF(J15>0,"incomplete",IF(I15>=4,"PASS","FAIL")) -> PASS

Sheet Timing
A1: Time on task and wrong taps (tasks 1, 2, 7, 8, 9)
A2: How to fill: time starts when the person begins the task and stops when they finish. Type MINUTES and SECONDS in their own yellow cells. Example: 1 min 35 s = minutes 1, seconds 35. Wrong taps = taps on the wrong button or screen. Total seconds and 'over 2 minutes' calculate. See the Example tab.
A4: Task | B4: Participant | C4: Minutes | D4: Seconds (0-59) | E4: Total seconds | F4: Wrong taps | G4: Over 2 minutes?
A5: 1 | B5: P1 | C5: 1 | D5: 23 | E5: =IF(OR(C5="",D5=""),"",C5*60+D5) -> 83 | F5: 0 | G5: =IF(E5="","",IF(E5>120,"YES","no")) -> no
A6: 1 | B6: P2 | C6: 1 | D6: 33 | E6: =IF(OR(C6="",D6=""),"",C6*60+D6) -> 93 | F6: 0 | G6: =IF(E6="","",IF(E6>120,"YES","no")) -> no
A7: 1 | B7: P3 | C7: 1 | D7: 42 | E7: =IF(OR(C7="",D7=""),"",C7*60+D7) -> 102 | F7: 0 | G7: =IF(E7="","",IF(E7>120,"YES","no")) -> no
A8: 1 | B8: P4 | C8: 1 | D8: 11 | E8: =IF(OR(C8="",D8=""),"",C8*60+D8) -> 71 | F8: 0 | G8: =IF(E8="","",IF(E8>120,"YES","no")) -> no
A9: 1 | B9: P5 | C9: 1 | D9: 55 | E9: =IF(OR(C9="",D9=""),"",C9*60+D9) -> 115 | F9: 1 | G9: =IF(E9="","",IF(E9>120,"YES","no")) -> no
A10: 2 | B10: P1 | C10: 1 | D10: 11 | E10: =IF(OR(C10="",D10=""),"",C10*60+D10) -> 71 | F10: 0 | G10: =IF(E10="","",IF(E10>120,"YES","no")) -> no
A11: 2 | B11: P2 | C11: 1 | D11: 23 | E11: =IF(OR(C11="",D11=""),"",C11*60+D11) -> 83 | F11: 0 | G11: =IF(E11="","",IF(E11>120,"YES","no")) -> no
A12: 2 | B12: P3 | C12: 1 | D12: 24 | E12: =IF(OR(C12="",D12=""),"",C12*60+D12) -> 84 | F12: 0 | G12: =IF(E12="","",IF(E12>120,"YES","no")) -> no
A13: 2 | B13: P4 | C13: 1 | D13: 43 | E13: =IF(OR(C13="",D13=""),"",C13*60+D13) -> 103 | F13: 0 | G13: =IF(E13="","",IF(E13>120,"YES","no")) -> no
A14: 2 | B14: P5 | C14: 1 | D14: 24 | E14: =IF(OR(C14="",D14=""),"",C14*60+D14) -> 84 | F14: 1 | G14: =IF(E14="","",IF(E14>120,"YES","no")) -> no
A15: 7 | B15: P1 | C15: 1 | D15: 51 | E15: =IF(OR(C15="",D15=""),"",C15*60+D15) -> 111 | F15: 0 | G15: =IF(E15="","",IF(E15>120,"YES","no")) -> no
A16: 7 | B16: P2 | C16: 1 | D16: 11 | E16: =IF(OR(C16="",D16=""),"",C16*60+D16) -> 71 | F16: 0 | G16: =IF(E16="","",IF(E16>120,"YES","no")) -> no
... A29: 9 | B29: P5 | C29: 1 | D29: 28 | E29: =IF(OR(C29="",D29=""),"",C29*60+D29) -> 88 | F29: 0 | G29: =IF(E29="","",IF(E29>120,"YES","no")) -> no

Sheet SUS
A1: System Usability Scale (ask after all tasks)
A2: How to fill: for each statement and each person, type one number from 1 (strongly disagree) to 5 (strongly agree). Numbers only, no words. The score calculates; do not type it. Every answer must be filled in. See the Example tab.
A4: Statement | B4: P1 | C4: P2 | D4: P3 | E4: P4 | F4: P5
A5: 1. I think I would like to use this app often. | B5: 5 | C5: 4 | D5: 5 | E5: 4 | F5: 5
A6: 2. I found the app unnecessarily complex. | B6: 2 | C6: 1 | D6: 2 | E6: 1 | F6: 1
A7: 3. I thought the app was easy to use. | B7: 5 | C7: 5 | D7: 4 | E7: 5 | F7: 5
A8: 4. I think I would need the support of a technical person to use this app. | B8: 1 | C8: 1 | D8: 1 | E8: 1 | F8: 1
A9: 5. I found the various functions in this app were well integrated. | B9: 4 | C9: 5 | D9: 5 | E9: 5 | F9: 5
A10: 6. I thought there was too much inconsistency in this app. | B10: 1 | C10: 1 | D10: 1 | E10: 1 | F10: 2
A11: 7. I would imagine that most people would learn to use this app very quickly. | B11: 5 | C11: 5 | D11: 5 | E11: 5 | F11: 4
A12: 8. I found the app very cumbersome to use. | B12: 1 | C12: 1 | D12: 1 | E12: 2 | F12: 1
A13: 9. I felt very confident using the app. | B13: 5 | C13: 5 | D13: 4 | E13: 5 | F13: 5
A14: 10. I needed to learn a lot of things before I could get going with this app. | B14: 1 | C14: 2 | D14: 1 | E14: 1 | F14: 1
A16: Check: same answers as P1? (flags copied answers) | C16: =IF(COUNT(C5:C14)<10,"",IF(SUMPRODUCT(--(C5:C14=$B$5:$B$14))=10,"Same as P1: check","OK")) -> OK | D16: =IF(COUNT(D5:D14)<10,"",IF(SUMPRODUCT(--(D5:D14=$B$5:$B$14))=10,"Same as P1: check","OK")) -> OK | E16: =IF(COUNT(E5:E14)<10,"",IF(SUMPRODUCT(--(E5:E14=$B$5:$B$14))=10,"Same as P1: check","OK")) -> OK | F16: =IF(COUNT(F5:F14)<10,"",IF(SUMPRODUCT(--(F5:F14=$B$5:$B$14))=10,"Same as P1: check","OK")) -> OK
A17: SUS score (0 to 100). Calculated, do not type. | B17: =IF(COUNT(B5:B14)<10,"",(((B5-1)+(B7-1)+(B9-1)+(B11-1)+(B13-1))+(5-B6)+(5-B8)+(5-B10)+(5-B12)+(5-B14))*2.5) -> 95 | C17: =IF(COUNT(C5:C14)<10,"",(((C5-1)+(C7-1)+(C9-1)+(C11-1)+(C13-1))+(5-C6)+(5-C8)+(5-C10)+(5-C12)+(5-C14))*2.5) -> 95 | D17: =IF(COUNT(D5:D14)<10,"",(((D5-1)+(D7-1)+(D9-1)+(D11-1)+(D13-1))+(5-D6)+(5-D8)+(5-D10)+(5-D12)+(5-D14))*2.5) -> 92.5 | E17: =IF(COUNT(E5:E14)<10,"",(((E5-1)+(E7-1)+(E9-1)+(E11-1)+(E13-1))+(5-E6)+(5-E8)+(5-E10)+(5-E12)+(5-E14))*2.5) -> 95 | F17: =IF(COUNT(F5:F14)<10,"",(((F5-1)+(F7-1)+(F9-1)+(F11-1)+(F13-1))+(5-F6)+(5-F8)+(5-F10)+(5-F12)+(5-F14))*2.5) -> 95
A19: Average of the five scores | B19: =IF(COUNT(B17:F17)<5,"",AVERAGE(B17:F17)) -> 94.5

Sheet Quotes
A1: Quotes
A2: How to fill: copy the exact words the person said, one quote per row. Put [...] where you cut words. Pick the participant from the list. Put the task number, or 'after task 9', in column B. See the Example tab.
A4: Participant | B4: Task (number or moment) | C4: Quote (exact words)
A5: P1 | B5: Timing | C5: App is very easy to use
A6: P2 | B6: SUS | C6: Self explained
A7: P3 | B7: 4 | C7: liked that feature
A8: P4 | B8: issues | C8: notthing to make a bad exprience
A9: P5 | B9: SUS | C9: very easy

Sheet Issues
A1: Top issues (ranked)
A2: How to fill: one problem per row, most important first. Severity: blocker = a person could not finish a core task or lost data. major = finished, but slow or confusing. minor = wording, layout or cosmetic. Leave the proposed fix blank if you don't have one. See the Example tab.
A4: Rank | B4: Issue | C4: Tasks affected | D4: Severity | E4: Fix proposed | F4: Status
A5: 1 | B5: looks like a paid app | C5: people might not buy | D5: minor | E5: make the app free | F5: accepted
A6: 2 | B6: buttons might be too big in some places like settings, looks like wnat to ocupied the screen | C6: not nice visual | D6: minor | E6: make more visual nice buttons | F6: accepted
A7: 3 | B7: players profile could have more thinngs, like bio, or maybe add friend, following, something like, if it can turn into a social midia like sport facebook | C7: none, just an idea | D7: minor | E7: make like a social midia | F7: open
A8: 4 | B8: themes limited | C8: only 2 themes | D8: minor | E8: should open to the user chose all the colours he likes, like if a lgbt person wnat to make colorfull? | F8: open
A9: 5 | B9: will be major like an app or web applicaition? | C9: depends how we want to manager | D9: minor | E9: admin version on PC would be more useful the phone as it give full visibiltyes and task to sort out than do on phone | F9: open

Sheet Summary
A1: Pass or fail against the plan
A2: Calculated. Don't type here, except the 'changes made' line at the bottom. Each check shows NOT YET until its data is complete.
A4: Check | B4: Result | C4: Detail
A5: Core tasks finished alone by at least four of five people | B5: =IF(COUNTIF(Tasks!K5:K15,"incomplete")>0,"NOT YET",IF(COUNTIF(Tasks!K5:K15,"FAIL")=0,"YES","NO")) -> YES | C5: =IF(COUNTIF(Tasks!K5:K15,"incomplete")>0,COUNTIF(Tasks!K5:K15,"incomplete")&" task(s) have blank entries","Tasks that fail: "&COUNTIF(Tasks!K5:K15,"FAIL")) -> Tasks that fail: 0
A6: No task over 2 minutes for a first-time user | B6: =IF(COUNT(Timing!E5:E29)<25,"NOT YET",IF(COUNTIF(Timing!G5:G29,"YES")=0,"YES","NO")) -> YES | C6: =COUNTIF(Timing!G5:G29,"YES")&" timing entries over 2 minutes" -> 0 timing entries over 2 minutes
A7: Average SUS score (0 to 100) | B7: =IF(COUNT(SUS!B17:F17)<5,"NOT YET",ROUND(AVERAGE(SUS!B17:F17),1)) -> 94.5 | C7: ="Scores above 68 are above average" -> Scores above 68 are above average
A8: Blockers found | B8: =COUNTIF(Issues!D5:D14,"blocker") -> 0 | C8: ="Blockers must be fixed before phase 2 starts" -> Blockers must be fixed before phase 2 starts
A10: Ready to send back?
A11: Part | B11: Status | C11: What is missing
A12: Tasks (55 entries) | B12: =IF(SUM(Tasks!J5:J15)=0,"complete",SUM(Tasks!J5:J15)&" blank") -> complete | C12: =IF(SUM(Tasks!J5:J15)=0,"Nothing","Fill every yellow letter on the Tasks tab") -> Nothing
A13: Timing (25 rows) | B13: =IF(COUNT(Timing!E5:E29)=25,"complete",(25-COUNT(Timing!E5:E29))&" missing") -> complete | C13: =IF(COUNT(Timing!E5:E29)=25,"Nothing","Fill minutes and seconds on the Timing tab") -> Nothing
A14: SUS (50 answers) | B14: =IF(COUNT(SUS!B5:F14)=50,"complete",(50-COUNT(SUS!B5:F14))&" missing") -> complete | C14: =IF(COUNT(SUS!B5:F14)=50,"Nothing","Fill every SUS answer") -> Nothing
A15: SUS copied answers | B15: =COUNTIF(SUS!C16:F16,"Same*")&" flagged" -> 0 flagged | C15: =IF(COUNTIF(SUS!C16:F16,"Same*")=0,"Nothing","Check with that person: same answers as P1") -> Nothing
A16: Quotes and issues | B16: =IF(COUNTA(Issues!B5:B14)=0,"none yet","entered") -> entered | C16: =IF(COUNTA(Issues!B5:B14)=0,"Add issues, or write none found","Nothing") -> Nothing
A18: Changes made after this round
A19: List the prototype changes, with the commit hash.
